MCC,Descripcion
0,SIN INFORMACIoN
1520,Contratistas Generales-Residenciales y Comerciales
1711,"Contratistas de Aire Acondicionado, calefaccion y fontaneria"
1731,Contratistas de Servicios Electricos
1740,Contratistas de Servicios de Aislamiento
1750,Contratistas de Carpinteria
1761,Contratistas de Techos y Revestimientos
1771,Contratistas de Trabajos de Hormigon
1799,"Contratistas, Oficios Especiales-no clasificados en otro lugar"
2741,Editoriales e Imprentas Miscelaneas2
2791,"Creacion de Placas, Composicion Tipografica y Servicios"
2842,"Saneamiento, Limpiadores y Preparaciones de Limpieza"
3000,United Airlines-UNITED
3001,American Airlines-AMERICAN
3002,PanAmerican-PAN AM
3003,Eurofly-EUROFLY
3004,Dragonair-DRAGONAIR
3005,British Airways-BRITISH A
3006,Japan Air Lines-JAL
3007,AirFrance-AIR FRAN
3008,Lufthansa-LUFTHAN
3009,AirCanada-AIR CAN
3010,Royal Dutch Airlines (KLM)-KLM
3011,Aeroflot-AEROFLOT
3012,Qantas-QANTAS
3013,Alitalia-ALITALIA
3014,Saudi Arabian Airlines-SAUDI AI
3015,Swiss International Air Lines-SWISS AIR
3016,Scandinavian Airline System (SAS)-SAS
3017,South African Airways-SAFRICAN
3018,Varig (Brasil)-VARIG
3019,Germanwings-GRMNWGAIR
3020,AirIndia-AIR-INDI
3021,AirAlgerie-AIRALGER
3022,Philippine Airlines-PAL AIR
3023,Mexicana-MEXICANA
3024,Pakistan International-PAKISTAN
3025,AirNew Zealand Limited International-AIR NZ
3026,Emirates Airlines-EMIRATES
3027,Union de Transports Aeriens-UTAAIR
3028,AirMalta-AIRMALTA
3029,SNBrussels Airlines-SNBRU AIR
3030,Aerolineas Argentinas-AERO ARG
3031,Olympic Airways-OLYMPICA
3032,ElAl-EL AL
3033,Ansett Airlines-ANSETT
3034,Etihad Airways-ETIHADAIR
3035,Tap(Portugal)-TAP
3036,VASP (Brasil)-VASP
3037,EgyptAir-EGYPTAIR
3038,Kuwait Airways-KUWAIT
3039,Avianca-AVIANCA
3040,Gulf Air (Bahrain)-GULF AIR
3041,Balkan-Bulgarian Airlines-BALKAN
3042,Finnair-FINNAIR
3043,AerLingus-AERLING
3044,AirLanka-AIR LANKA
3045,Nigeria Airways-NIGERIA
3046,Cruzeiro do Sul (Brazil)-CRUZEIRO
3047,THY(Turkey)-THY
3048,Royal Air Maroc-AIRMARO
3049,Tunis Air-TUNIS AI
3050,Icelandair-ICELANDA
3051,Austrian Airlines-AUSTRIAN
3052,LANAirlines-LAN AIR
3053,AVIACO (EspaÃ±a)-AVIACO
3054,LADECO (Chile)-LADECO
3055,LAB(Bolivia)-LAB
3056,JetAirways-JET AIR
3057,Virgin America-VIR AMER
3058,Delta-DELTA
3059,DBAAirlines-DBA AIR
3060,Northwest Airlines-NWA AIR
3061,Continental-CONTINEN
3062,Hapag-Lloyd Express-HLX
3063,U.S. Airways-USAIRWYS
3064,Adria Airways-ADRIA AIR
3065,AirInter-AIRINTER
3066,Southwest Airlines-SOUTHWES
3067,Vanguard Airlines-VANGUARD
3068,AirAstana-AIRSTANA
3071,AirBritish Columbia-AIR B R C
3072,Cebu Pacific-CEBU PAC
3075,Singapore Airlines-SINGAPOR
3076,Aeromexico-AEROMEXI
3077,Thai Airways-THAIAIRW
3078,China Airlines-CHINAAIR
3079,Jetstar Airways-JETSTAR
3082,Korean Airlines-KOREAN
3083,AirAfrique-AIR AFRIQ
3084,EvaAirways-EVA AIR
3085,Midwest Express Airlines-MIDWEST
3087,Metro Airlines-METROAI
3088,Croatia Air-CROATIA
3089,Transaero-TRANSAERO
3090,UniAirways-UNIAIR
3094,Zambia Airways-ZAMBIA A
3096,AirZimbabwe-AIRZIMBA
3097,Spanair-SPANAIR
3098,Asiana Airlines-ASIANA
3099,Cathay Pacific-CATHAYPA
3100,Malaysian Airline System-MALAY AI
3102,Iberia-IBERIA
3103,Garuda (Indonesia)-GARUDA
3106,Braathens S.A.F.E. (Norway)-BRAATHEN
3111,British Midland-BRITISH M
3112,Windward Island-WINDWARD
3117,Venezolana International de Aviacion-VIASA
3125,TanAirlines-TAN AIR
3127,Taca International-TACA INT
3129,Surinam Airways-SURINAM
3130,Sunworld International Airways-SUNWORLD
3131,VLMAirlines-VLM
3132,Frontier Airlines-FRONTIER
3136,Qatar Airways Company W.L.L.-QATAR AIR
3144,Virgin Atlantic-VIR ATL
3146,Luxair-LUXAIR
3148,"AirLittoral, S.A.-LITTORAL"
3151,AirZaire-AIRZAIRE
3156,GOFLY Ltd.-GOFLY
3159,Provincetown-Boston Airways-PBA
3161,AllNippon Airways-ANAAIR
3164,Norontair-NORONTAI
3167,Aero Continente-AERO CONT
3171,Canadian Airlines-CANADIAN
3172,Nation Air-NATIONAI
3174,JetBlue Airways-JETBLUE
3175,Middle East Air-MIDEASTA
3177,AirTran Airways-AIRTRAN A
3178,Mesa Air-MESA AIR
3180,Westjet Airlines-WESTJET
3181,Malev Hungarian Airlines-MALEV
3182,LOTâ€“ Polish Airlines-LOT
3183,Oman Aviation Services-OMAN AIR
3184,LIAT-LIAT
3185,LAVLinea Aeropostal Venezolana-LAV
3186,LAPLineas Aereas Paraguayas-LAP
3187,LACSA (Costa Rica)-LACSA
3188,Virgin Express-VIR EXP
3190,Jugoslav Air-JUGOSLAV
3191,Island Airlines-ISLANDAI
3193,Indian Airlines-INDIAN A
3196,Hawaiian Air-HAWAIIAN
3197,Havasu Airlines-HAVASUAI
3200,Guyana Airways-GUYANA A
3204,Freedom Airlines-FREEDOM
3206,China Eastern Airlines-CHINAEAST
3211,Norwegian Air Shuttle-NORWEGIAN
3212,Dominicana de Aviacion-DOMINICA
3213,Malmo Aviation-MALMO AV
3217,CSACeskoslovenske Aerolinie-CSA
3219,CompaÃ±ia PanameÃ±a de Aviacion (Copa)-COPA
3220,Compania Faucett-COMPANIA
3221,Transportes Aereos Militares Ecuatorianos-TAME AIR
3222,Command Airways-COMMAND
3223,Comair-COMAIR
3226,Skyways-SKYWAYS
3228,Cayman Airways-CAYMANAIR
3229,SAETA (Sociedad Ecuatoriana de Transportes Aereos)-SAETAAIR
3231,SAHSA (Servicio Aereo de Honduras)-SAHSA
3234,Caribbean Airlines-CARIBBEAN
3236,AirArabia Airline-AIR ARAB
3239,BarHarbor Airlines-BARHARBO
3240,Bahamasair-BAHAMASA
3241,Aviateca (Guatemala)-AVIATECA
3242,Avensa-AVENSA
3243,Austrian Air Service-AUSTRAIR
3245,EasyJet-EASYJET
3246,Ryanair-RYANAIR
3247,GolAirlines-GOL
3248,TamAirlines-TAM
3252,ALMAntilean Airlines-ALM
3253,America West-AMERWEST
3256,Alaska Airlines Inc.-ALASKA A
3260,Spirit Airlines-SPIRIT
3261,AirChina-AIR CHINA
3263,Aero Servicio Carabobo-ASERCA
3266,AirSeychelles-AIR SEYC
3267,AirPanama Internacional-AIR PANA
3280,AirJamaica-AIR JAMA
3282,AirDjibouti-AIR DJIB
3285,Aero Peru-AEROPERU
3286,Aero Nicaraguenses-AERO NIC
3287,Aero Coach Aviation-AEROCOAC
3292,Cyprus Airways-CYPRUSA
3293,Ecuatoriana-ECUATORI
3294,Ethiopian Airlines-ETHIOPIA
3295,Kenya Airways-KENYAAIR
3296,AirBerlin-AIRBERLIN
3297,Tarom Romanian Air Transport-TAROM AIR
3298,AirMauritius-AIRMAURI
3299,Wideroes Flyveselskap-WIDEROES
3351,Affiliated Auto Rental
3352,American International
3353,Brooks Rent-A-Car
3354,Action Auto Rental
3355,SIXT Car Rental
3357,Hertz
3359,Payless Car Rental
3360,Snappy Car Rental
3361,Airways Rent-A-Car
3362,Altra Auto Rental
3364,Agency Rent-A-Car
3366,Budget Rent-A-Car
3368,Holiday Rent-A-Car
3370,Rent A Wreck
3374,Accent Rent-A-Car
3376,Ajax Rent-A-Car
3380,Triangle Rent-A-Car
3381,Europcar
3385,Tropical Rent-A-Car
3386,Showcase Rental Cars
3387,Alamo Rent-A-Car
3388,Merchants Rent-A-Car
3389,Avis Rent-A-Car
3390,Dollar Rent-A-Car
3391,Europe By Car
3393,National Car Rental
3394,Kemwell Group Rent-A-Car
3395,Thrifty Car Rental
3396,Tilden Rent-A-Car
3398,Econo Car Rent-A-Car
3400,Auto Host Car Rental
3405,Enterprise Rent-A-Car
3409,General Rent-A-Car
3412,A1Rent-A-Car
3420,ANSA International
3421,Allstate Rent-A-Car
3423,Avcar Rent-A-Car
3425,Automate Rent-A-Car
3427,Avon Rent-A-Car
3428,Carey Rent-A-Car
3429,Insurance Rent-A-Car
3430,Major Rent-A-Car
3431,Replacement Rent-A-Car
3432,Reserve Rent-A-Car
3433,Ugly Duckling Rent-A-Car
3434,USARent-A-Car
3435,Value Rent-A-Car
3436,Autohansa Rent-A-Car
3438,Interent Rent-A-Car
3439,Milleville Rent-A-Car
3441,Advantage Rent-A-Car
3501,Holiday Inns
3502,Best Western Hotels
3503,Sheraton (Sheraton Hotels)
3504,Hilton
3505,Forte Hotels
3506,Golden Tulip Hotels
3507,Friendship Inns
3508,Quality Inns
3509,Marriott
3510,Days Inns
3511,Arabella Hotels
3512,Intercontinental Hotels
3513,Westin (Westin Hotels)
3514,Amerisuites
3515,Rodeway Inns
3516,LaQuinta Inns
3517,Americana Hotels
3518,SolHotels
3519,Pullman International Hotels
3520,Meridien Hotels
3521,Royal Lahaina Resort
3522,Tokyo Hotel
3523,Peninsula Hotels
3524,WelcomGroup Hotels
3525,Dunfey Hotels
3526,Prince Hotels
3527,Downtowner Passport
3528,RedLion Inns
3529,CP(Canadian Pacific) Hotels
3530,Renaissance Hotels
3531,Kauai Coconut Beach Resort
3532,Royal Kona Resort
3533,Hotel Ibis
3534,Southern Pacific Hotel
3535,Hilton International
3536,AMFAC Hotels
3537,ANAHotels
3538,Concorde Hotels
3539,Summerfield Suites Hotel
3540,Iberotel Hotels
3541,Hotel Okura
3542,Royal Hotels
3543,Four Seasons Hotels
3544,Ciga Hotels
3545,Shangri-La International
3546,Hotel Sierra
3547,Breakers Resort
3548,Hotels Melia
3549,Auberge des Governeures
3550,Regal 8 Inns
3551,Mirage Hotel and Casino
3552,Coast Hotel
3553,Park Inns International
3554,Pinehurst Resort
3555,Treasure Island Hotel and Casino
3556,Barton Creek Resort
3557,Manhattan East Suite Hotels
3558,Jolly Hotels
3559,Candlewood Suites
3560,Aladdin Resort and Casino
3561,Golden Nugget
3562,Comfort Inns
3563,Journeyâ€™s End Motels
3564,Samâ€™s Town Hotel and Casino
3565,Relax Inns
3566,Garden Place Hotel
3567,Soho Grand Hotel
3568,Ladbroke Hotels
3569,Tribeca Grand Hotel
3570,Forum Hotels
3571,Grand Wailea Resort
3572,Miyako Hotel
3573,Sandman Hotels
3574,Venture Inn
3575,Vagabond Hotels
3576,LaQuinta Resort
3577,Mandarin Oriental Hotels
3578,Frankenmuth Bavarian
3579,Hotel Mercure
3580,Hotel Del Coronado
3581,Delta Hotels
3582,California Hotel and Casino
3583,SASHotels
3584,Princess Hotels International
3585,Hungar Hotels
3586,Sokos Hotel
3587,Doral Hotels
3588,Helmsley Hotels
3589,Doral Golf Resort
3590,Fairmont Hotels
3591,Sonesta Hotels
3592,Omni Hotels
3593,Cunard Hotels
3594,Arizona Biltmore
3595,Hospitality Inns
3596,Wynn Las Vegas
3597,Riverside Resort and Casino
3598,Regent International Hotel
3599,Pannonia Hotels
3600,Saddlebrook Resort-Tampa
3601,TradeWinds Resorts
3602,Hudson Hotel
3603,Noahâ€™s Hotel
3604,Hilton Garden Inn
3605,Jurys Doyle Hotel Group
3606,Jefferson Hotel
3607,Fontainebleau Resort
3608,Gaylord Opryland
3609,Gaylord Palms
3610,Gaylord Texan
3611,C MON INN
3612,Moevenpick Hotels
3613,Microtel Inn and Suites
3614,AmericInn
3615,Travelodge
3616,Hermitage Hotel
3617,Americaâ€™s Best Value Inn
3618,Great Wolf
3619,aloft (aloft hotels)
3620,Binionâ€™s Horseshoe Club
3621,Extended Stay
3622,Merlin Hotel Group
3623,Dorint Hotels
3624,Lady Luck Hotel and Casino
3625,Hotel Universale
3626,Studio Plus
3627,Extended Stay America
3628,Excalibur Hotel and Casino
3629,DanHotels
3630,Extended Stay Deluxe
3631,Sleep Inns
3632,ThePhoenician
3633,Rank Hotels
3634,Swissotel
3635,Reso Hotel
3636,Sarova Hotels
3637,Ramada Inns
3638,Howard Johnson
3639,Mount Charlotte Thistle
3640,Hyatt Hotels
3641,Sofitel Hotels
3642,Novotel Hotels
3643,Steigenberger Hotels
3644,EconoLodges
3645,Queens Moat Houses
3646,Swallow Hotels
3647,Husa Hotels
3648,DeVera Hotels
3649,Radisson Hotels
3650,RedRoof Inns
3651,Imperial London Hotels
3652,Embassy Hotels
3653,Penta Hotels
3654,Loews Hotels
3655,Scandic Hotels
3656,Sara Hotels
3657,Oberoi Hotels
3658,NewOtani Hotels
3659,TajHotels International
3660,Knights Inn
3661,Metropole Hotels
3662,Circus Circus Hotel and Casino
3663,Hoteles El Presidente
3664,Flag Inns
3665,Hampton Inn Hotels
3666,Stakis Hotels
3667,Luxor Hotel and Casino
3668,Maritim Hotels
3669,Eldorado Hotel and Casino
3670,Arcade Hotels
3671,Arctia Hotels
3672,Campanile Hotels
3673,IBUSZ Hotels
3674,Rantasipi Hotels
3675,Interhotel CEDOK
3676,Monte Carlo Hotel and Casino
3677,Climat de France Hotels
3678,Cumulus Hotels
3679,Silver Legacy Hotel and Casino
3680,Hoteis Othan
3681,Adams Mark Hotels
3682,Sahara Hotel and Casino
3683,Bradbury Suites
3684,Budget Hosts Inns
3685,Budgetel Inns
3686,Susse Chalet
3687,Clarion Hotels
3688,Compri Hotels
3689,Consort Hotels
3690,Courtyard by Marriott
3691,Dillon Inn
3692,Doubletree
3693,Drury Inn
3694,Economy Inns of America
3695,Embassy Suites
3696,Excel Inn
3697,Fairfield Hotels
3698,Harley Hotels
3699,Midway Motor Lodge
3700,Motel 6
3701,LaMansion Del Rio
3702,Registry Hotels
3703,Residence Inn
3704,Royce Hotels
3705,Sandman Inn
3706,Shilo Inn
3707,Shoneyâ€™s Inn
3708,Virgin River Hotel and Casino
3709,Super 8 Motels
3710,TheRitz-Carlton
3711,Flag Inns (Australia)
3712,Buffalo Billâ€™s Hotel and Casino
3713,Quality Pacific Hotel
3714,Four Seasons (Australia) Hotels
3715,Fairfield Inn
3716,Carlton Hotels
3717,City Lodge Hotels
3718,Karos Hotels
3719,Protea Hotels
3720,Southern Sun Hotels
3721,Conrad Hotels
3722,Wyndham
3723,Rica Hotels
3724,Inter Nor Hotels
3725,SeaPines Resort
3726,RioSuites
3727,Broadmoor Hotel
3728,Ballys Hotel and Casino
3729,John Ascuagas Nugget
3730,MGMGrand Hotel
3731,Harrahs Hotels and Casinos
3732,Opryland Hotel
3733,Boca Raton Resort
3734,Harvey Bristol Hotels
3735,Masters Economy Inns
3736,Colorado Belle Edgewater Resort
3737,Riviera Hotel and Casino
3738,Tropicana Resort and Casino
3739,Woodside Hotels and Resorts
3740,TownePlace Suites
3741,Millennium Hotels
3742,Club Med
3743,Biltmore Hotel and Suites
3744,Carefree Resorts
3745,St.Regis Hotel
3746,Eliot Hotels
3747,Club Corp/Club Resorts
3748,Wellesley Inns
3749,Beverly Hills Hotel
3750,Crowne Plaza Hotels
3751,Homewood Suites
3752,Peabody Hotels
3753,Greenbriar Resorts
3754,Amelia Island Plantation
3755,Homestead
3757,Canyon Ranch
3758,Kahala Mandarin Oriental Hotel
3759,Orchid at Mauna Lani
3760,Halekulani Hotel/Waikiki Parc
3761,Primadonna Hotel and Casino
3762,Whiskey Peteâ€™s Hotel and Casino
3763,Chateau Elan Winery and Resort
3764,Beau Rivage Hotel and Casino
3765,Bellagio Hotel and Casino
3766,Fremont Hotel and Casino
3767,Main Street Hotel and Casino
3768,Silver Star Hotel and Casino
3769,Stratosphere Hotel and Casino
3770,SpringHill Suites
3771,Caesars Hotel and Casino
3772,Nemacolin Woodlands
3773,Venetian Resort Hotel and Casino
3774,"NewYork, New York Hotel and Casino"
3775,Sands Resort
3776,Nevele Grande Resort and Country Club
3777,Mandalay Bay Resort
3778,Four Points Hotels
3779,W Hotels
3780,Disney Resorts
3781,Patricia Grand Resort Hotels
3782,Rosen Hotels and Resorts
3783,Town and Country Resort & Convention Center
3784,First Hospitality Hotels
3785,Outrigger Hotels & Resorts
3786,Ohana Hotels of Hawaii
3787,Caribe Royale Resort Suites & Villas
3788,AlaMoana Hotel
3789,Smugglersâ€™ Notch Resort
3790,Raffles Hotels
3791,Staybridge Suites
3792,Claridge Casino Hotel
3793,TheFlamingo Hotels
3794,Grand Casino Hotels
3795,Paris Las Vegas Hotel
3796,Peppermill Hotel Casino
3797,Atlantic City Hilton
3798,Embassy Vacation Resort
3799,Hale Koa Hotel
3800,Homestead Suites
3801,Wilderness Hotel and Golf Resort
3802,ThePalace Hotel
3803,TheWigwam Golf Resort and Spa
3804,TheDiplomat Country Club and Spa
3805,TheAtlantic
3806,Princeville Resort
3807,Elemento
3808,LXR(Luxury Resorts)
3809,Settle Inn
3810,LaCosta Resort
3811,Premier Inn
3812,Hyatt Place
3813,Hotel Indigo
3814,TheRoosevelt Hotel NY
3815,Holiday Inn Nickelodeon
3817,Affinia
3818,MainStay Suites
3819,Oxford Suites
3820,Jumeirah Essex House
3821,Caribe Royale
3822,Crossland
3823,Grand Sierra Resort
3824,Aria (Aria Resort and Casino)
3825,Vdara (Vdara Hotel and Spa)
3826,Autograph
3827,Galt House
3828,Cosmopolitan of Las Vegas
4011,Ferrocarriles-Flete
4112,Ferrocarril de Pasajeros
4119,Servicios de Ambulancia
4121,Limusinas
4131,Lineas de Autobuses
4214,"Transportistas Motorizados, Camiones-Local/Larga Distancia,"
4215,"Servicios de Mensajeria-Por Aire y Por Tierra, Agencias de"
4225,"Almacenes Publicos-Almacenamiento de Productos Agricolas,"
4411,Lineas de Cruceros
4457,Arrendamientos de Botes y Alquiler de Botes
4468,"Puertos Deportivos, Suministros/Servicios Nauticos"
4511,"Transportadores Aereos, Aerolineas-no clasificados en otro"
4582,Pistas para Aviones
4722,Agencias de Viaje y Operadores Turisticos
4784,"Cargos de Puentes y Carreteras, Peajes"
4789,Servicios de Transporte-no clasificados en otro lugar
4812,Ventas de Equipo de Telecomunicaciones incluyendo Ventas
4813,Comercio de Telecomunicaciones por Ingreso Mediante Teclado
4814,Llamadas Por Medio del Uso de Telefonos con Capacidad de
4816,Red de Computadoras/Servicios de Informacion
4821,Servicios Telegraficos
4829,Transferencia de Dinero
4899,"Cable, Satelite y Otros Servicios de Radio y Television de Pago"
4900,Electricidad-Servicios Publicos
5013,Suministros y Piezas Nuevas para Vehiculos a Motor2
5021,Mobiliario Comercial2
5039,Materiales de Construccion-no clasificados en otro lugar2
5044,Equipo de Oficina2
5045,"Computadoras, Equipos Perifericos para Computadoras2"
5046,"Equipo, Comercial-no clasificado en otro lugar2"
5047,Equipo y Materiales Oftalmicos2
5051,Centros y Oficinas de Servicios en Metal2
5065,Piezas y Equipos Electricos2
5072,Equipo y Materiales de Ferreteria2
5074,Equipo de Calefaccion2
5085,Materiales Industriales-no clasificados en otro lugar2
5094,Metales y Piedras Preciosas2
5099,Articulos No Perecederos-no clasificados en otro lugar2
5111,"Articulos para Oficina, Papel para Impresora y para Escribir,"
5122,"Medicamentos, Propietarios de Medicamentos Patentados,"
5131,"Articulos para Costura, Genero en Piezas y Otros Articulos"
5137,"Uniformes y Ropa Comercial para Hombres, Mujeres y NiÃ±os2"
5139,Calzado Comercial2
5169,Quimicos y Productos Relacionados-no clasificados en otro
5172,Petroleo y Productos de Petroleo2
5192,"Libros, Diarios y Periodicos"
5193,"Materiales para Floristerias, Plantas de Vivero y Flores2"
5198,Pinturas y Materiales2
5199,Articulos Perecederos-no clasificados en otro lugar2
5200,Tiendas de Almacen de Materiales para el Hogar
5211,Tiendas de Materiales para la Construccion
5231,Tiendas de Vidrios
5251,Ferreterias
5261,Tiendas de Materiales para Jardineria
5271,Vendedores de Casas Moviles
5300,Clubes de Mayoristas
5309,Tiendas Libres de Impuestos
5310,Tiendas de Descuentos
5311,Tiendas por Departamentos
5331,Tiendas de Variedades
5399,Tiendas de Mercancia General Miscelanea
5411,Supermercados
5422,"Proveedores de Carnes Congeladas, Refrigeradas"
5441,"Tiendas de Caramelos, Nueces, Dulces"
5451,Tiendas de Productos Lacteos
5462,Panaderias
5499,Tiendas de Conveniencia de Comida
5511,"Vendedores de Automoviles y Camiones-Ventas, Servicio,"
5521,Vendedores de Automoviles y Camiones-(Usados
5531,Tiendas de Articulos para Automoviles
5532,Tiendas de Neumaticos para Vehiculos
5533,Tiendas de Repuestos y Accesorios para Automoviles
5541,Estaciones de Servicio (con o sin Servicios Complementarios)
5542,"Dispensador de Combustible, Automatico"
5551,Vendedores de Botes
5561,Vendedores de Campers
5571,Talleres y Vendedores de Motocicletas
5592,Vendedores de Casas Moviles
5598,Vendedores de Motonieves
5599,"Vendedores Miscelaneos de Vehiculos Automotores, Aviones y"
5611,Tiendas de Ropa y Accesorios para Caballeros y NiÃ±os
5621,Tiendas de Ropa para Damas
5631,Tiendas de Accesorios y de Especialidades para Damas
5641,Tiendas de Ropa para NiÃ±os y para Bebes
5651,Tiendas de Ropa para la Familia
5655,Tiendas de Ropa Deportiva
5661,Zapaterias
5681,Peleteros y Tiendas de Pieles
5691,Tiendas de Ropa para Caballeros y para Damas
5697,Reparacion de Ropa
5698,Tiendas de Pelucas
5699,Tiendas de Accesorios-Miscelaneos
5712,Tiendas de Equipos (excepto Electrodomesticos)
5713,Tiendas de Recubrimientos para Pisos
5714,Tiendas de Tapiceria
5718,"Tiendas de Chimeneas, Pantallas y Accesorios para Chimeneas"
5719,Tiendas Especializadas en Mobiliario Miscelaneo para el Hogar
5722,Tiendas de Electrodomesticos
5732,Ventas de Electronicos
5733,"Tiendas de Musica-Instrumentos Musicales, Pianos, Partituras"
5734,Tiendas de Software para Computadoras
5735,Tiendas de Discos
5811,Proveedores de Comida por Encargo
5812,"Establecimientos de Comida, Restaurantes"
5813,Bares-Establecimientos de Bebidas
5814,Restaurantes de Comida Rapida
5912,Farmacias
5921,"Tiendas de Bebidas Alcoholicas, Cerveza, Vino y Licores"
5931,Tiendas de Mercancia de Segunda Mano
5932,"Tiendas de AntigÃ¼edades-Ventas, Reparaciones y Servicios de"
5933,Casas de EmpeÃ±o
5935,Lotes de Chatarra
5937,Tiendas de Reproduccion de AntigÃ¼edades
5940,Tiendas de Bicicletas-Ventas y Servicio
5941,Tiendas de Articulos Deportivos
5942,Librerias
5943,Tiendas de Materiales para Oficina
5944,Relojerias
5945,Tiendas de Juegos
5946,Tiendas de Camaras
5947,Tiendas de Regalos
5948,Tiendas de Articulos de Equipaje
5949,Tiendas de Materiales de Costura
5950,Tiendas de Cristaleria
5960,Mercadeo Directo-Servicios de Seguros
5962,Mercadeo Directo-Servicios de Organizacion de Viajes
5963,Ventas de Puerta en Puerta
5964,Mercadeo Directo-Comercios por Catalogo
5965,Mercadeo Directo-Comercios de Combinacion de Catalogos
5966,Mercadeo Directo-Comercios de Telemercadeo Saliente
5967,Mercadeo Directo-Comercios de Telemercadeo Entrante
5968,Mercadeo Directo-Comercios de Continuidad/Suscripcion
5969,Mercadeo Directo-Otros Mercadeos Directos-no clasificados
5970,Tiendas de Materiales de Arte
5971,Vendedores y Galerias de Arte
5972,Tiendas de Estampillas y Monedas-Materiales Filatelicos y
5973,Tiendas de Articulos Religiosos
5975,"Aparatos de Audicion-Tiendas de Ventas, Servicios y Materiales"
5976,Tiendas de Protesis
5977,Tiendas de Cosmeticos
5978,"Tiendas de Maquinas de Escribir-Alquiler, Ventas, Servicio"
5983,"Distribuidores de Combustible-Carbon, Aceite Combustible,"
5992,Floristerias
5993,Tiendas y Expendedores de Tabaco
5994,Vendedores de Periodicos y Kioscos de Periodicos
5995,Tiendas de Mascotas-Alimentos y Articulos para Mascotas
5996,Piscinas-Ventas y Materiales
5997,Tiendas de Maquinas de Afeitar Electricas-Ventas y Servicio
5998,Tiendas de Toldos
5999,Tiendas Minoristas Miscelaneas y de Especialidades
6010,Desembolso de Efectivo Manual-Institucion Financiera Cliente
6011,Desembolsos de Efectivo Automaticos-Institucion Financiera
6012,Mercancia y Servicios-Institucion Financiera Cliente
6050,Cuasi Efectivo-Institucion Financiera Cliente
6051,Cuasi Efectivo-Comercio
6211,Titulos Valores-Corredores/Vendedores
6300,"Venta de Seguros, Aseguradores y Primas de Seguros"
6513,Agentes y Administradores de Bienes Raices-Alquileres
6532,Transaccion de Pago-Institucion Financiera Cliente
6533,transaccion de Pago-Comercio
6536,MasterCardÂ® MoneySendâ„¢ Nacional
6537,MasterCardÂ® MoneySendâ„¢ Internacional
6538,Provision de fondos de MasterCardÂ® MoneySendâ„¢
7011,"Alojamiento-Hoteles, Moteles, Centros Turisticos-no"
7012,Tiempo Compartido
7032,Campamentos Recreativos
7033,Campamentos
7210,Servicios de Limpieza
7211,Servicios de Lavanderia-Familiar y Comercial
7216,Tintorerias
7217,Limpieza de Alfombras
7221,Estudios de Fotografia
7230,Barberias
7251,Establecimientos de Limpieza de Sombreros
7261,Crematorios
7273,Servicios de Contactos Personales
7276,Servicio de Preparacion de Impuestos
7277,Servicios de Consejeria
7278,"Clubes de Compras/Ventas, Servicios"
7296,Alquiler de Disfraces
7297,Establecimientos de Masajes
7298,Spas de Belleza
7299,Otros Servicios-no clasificados en otro lugar
7311,Servicios de Publicidad
7321,Agencias de Informes de Credito del Consumidor
7333,"Arte, Comercial"
7338,Servicios de Copias de Planos
7339,Servicios de Apoyo de Estenografia y Secretarial
7342,Servicios de Desinfeccion
7349,Limpieza y Mantenimiento
7361,Agencias de Empleo
7372,Servicios de Programacion de Computadoras
7375,Servicios de Recuperacion de Informacion2
7379,"Mantenimiento, Reparacion y Servicios de Computadoras-no"
7392,Servicios de Consultoria
7393,Agencias de Detectives
7394,Servicios de Alquiler y Arrendamiento de Equipos
7395,"Laboratorios de Revelado de Fotografias, Retoque de Fotografias"
7399,Servicios Comerciales-no clasificados en otro lugar
742,Servicios Veterinarios
7512,Agencia de Alquiler de Automoviles-no clasificada en otro
7513,Alquiler de Camiones
7519,Alquiler de Casas Moviles
7523,Estacionamientos y Garajes de Automoviles
7531,Taller de Reparacion de Carroceria de Automoviles
7534,Talleres de Recauchutado y Reparacion de Neumaticos
7535,Talleres de Pintura de Automoviles
7538,Talleres de Servicio Automotriz
7542,Lavado de Autos
7549,Servicios de Remolque
7622,Talleres de Reparacion de Articulos Electronicos
7623,Talleres de Reparacion de Aire Acondicionado
7629,"Talleres de Reparacion de Electrodomesticos, Electricos y"
763,Cooperativas Agricolas
7631,Tiendas de Reparacion de Relojes
7641,"Muebles-Retapizado y Reparacion, Reacabado"
7692,Reparaciones de Soldaduras
7699,Talleres de Reparaciones Miscelaneas y Servicios Relacionados
780,Servicios de Horticultura y Jardineria Paisajista
7829,Produccion y Distribucion de Peliculas y Cintas de Video2
7832,Teatros de Peliculas
7841,Tiendas de Alquiler de Videos de Entretenimiento
7911,"Salones, Escuelas y Estudios de Baile"
7922,"Productores de Teatro (excepto Peliculas), Agencias Taquilleras"
7929,Grupos Musicales-no clasificados en otro lugar
7932,Establecimientos de Juegos de Billar
7933,Boleras
7941,Campos de Atletismo
7991,Atracciones Turisticas y Exposiciones
7992,"Campos de Golf, Publicos"
7993,Materiales para Juegos de Diversiones de Video
7994,Galerias/Establecimientos de Juegos de Video
7995,Transacciones de Juegos de Azar
7996,Parques de Diversiones
7997,"Clubes-Membresia (Atleticos, Recreacionales, Deportivos),"
7998,Acuarios
7999,Servicios Recreativos-no clasificados en otro lugar
8011,Doctores-no clasificados en otro lugar
8021,Dentistas
8031,Doctores Osteopatas
8041,Quiropracticos
8042,Oftalmologos
8043,Lentes
8049,Quiropodistas
8050,Establecimientos de Enfermeria
8062,Hospitales
8071,Laboratorios Dentales
8099,Profesionales de la Salud-no clasificados en otro lugar
8111,Abogados
8211,"Escuelas, Primaria y Secundaria"
8220,"Universidades, Junior Colleges y Escuelas Profesionales"
8241,"Escuelas, Correspondencia"
8244,"Escuelas, Comerciales y Secretariales"
8249,"Escuelas, Tecnicas y Vocacionales"
8299,Servicios Educacionales-no clasificados en otro lugar
8351,Servicios de Cuidado de NiÃ±os
8398,Organizaciones de Beneficencia
8641,Asociaciones Civicas
8651,Organizaciones Politicas
8661,Organizaciones Religiosas
8675,Asociaciones de Automoviles
8699,Organizaciones por Membresia-no clasificadas en otro lugar
8734,Laboratorios de Pruebas (No Medicos)2
8911,Servicios de Arquitectura
8931,Servicios de Contabilidad
8999,Subastas
9211,"Costos de Corte, incluyendo Pension Alimenticia Conyugal y"
9222,Multas
9223,Pagos de Fianzas y Garantias
9311,Pago de Impuestos
9399,Servicios Gubernamentales-no clasificados en otro lugar
9402,Servicios Postales-Gobierno Solamente
9405,Compras Intragubernamentales-Gobierno Solamente
9754,"Juegos de Azar-Carreras de Caballos, Carreras de Galgos"
